total_strength,DMN_within,DMN_FPN_between,DMN_MTL_between,FPN_within,FPN_MTL_between,MTL_within,src_subject_id
241.2981831031809,0.024717618157392512,0.019529006868919056,0.012589172466914307,0.034535583852221816,0.00705577634960226,0.02505324646730823,HCD1668164
204.15522163390892,0.032435827026327496,0.024461165528343334,0.008839283239828633,0.045513876758543466,0.006282471729465236,0.022075348614994408,HCD2093245
141.33004743506115,0.021392351085389182,0.011777014785425302,0.007035771845945749,0.018778867266909766,0.003942766158328279,0.012688009164729272,HCD0806751
229.28430048789573,0.023835311778354143,0.021217226943832424,0.010214022243069245,0.04577335753521005,0.009280701702724605,0.024509819356424233,HCD0692964
205.95540496790028,0.023555782573278016,0.01926610144842532,0.012118094567111154,0.03217820819684459,0.006852978758117131,0.01961880810080423,HCD1223833
164.67346412432994,0.01837394014107233,0.012588600695324356,0.005739179703690728,0.018271534889220262,0.0033991117963949754,0.014885080049743728,HCD1202320
248.4647635467083,0.03672358726563627,0.022403987476868475,0.011969149225180964,0.03840522866101082,0.006664667721566845,0.02021057956033226,HCD1934159
181.38505577378646,0.021322615398405697,0.012485897419279017,0.008450122858325951,0.022459647877551767,0.006039902400655893,0.021921493744966526,HCD2155140
177.21171586548158,0.02065651787043377,0.01835051076800671,0.006292650869527671,0.03697700017555538,0.004174780575972369,0.011655807267610297,HCD2353245
230.13795975927866,0.029412254704507822,0.01986446644321101,0.010987162613625003,0.036382085889751274,0.008385913740969794,0.024964600163493327,HCD2339049
218.819457113633,0.0297323116013824,0.023129806564005467,0.011496976057794487,0.03714809648359355,0.008733458919565716,0.021311355577788644,HCD1939068
206.14488315571316,0.025056102665644592,0.01673537183146229,0.010614106443103814,0.031982796332890535,0.005329465869883217,0.017678211251929494,HCD0378150
191.36347189621728,0.021391956884125686,0.014372760185959363,0.011670226792969259,0.03594261990441099,0.005286834071772173,0.015203321030911496,HCD1969986
199.5623274718074,0.020475585053983246,0.01658401289316801,0.0075317448410129415,0.02656582142331565,0.004228193008604224,0.022788366256388595,HCD0183539
247.9949297151431,0.03054771039377418,0.020438052203369365,0.012918277933510554,0.034379028073625216,0.008084079765329922,0.026508271384204942,HCD2982579
207.82863767151485,0.02528531448333224,0.019041069080975543,0.012187638720499926,0.03347890614435526,0.008268246876247547,0.019193037019582887,HCD2112829
171.61315043410377,0.022939972550226534,0.01372079918965966,0.005937387884673513,0.025487785472533754,0.003578501621389014,0.011844672652488676,HCD1749770
166.54323203085534,0.021260115143107758,0.01884284137547276,0.008680578319770774,0.02996708524352518,0.005041511721206242,0.016305649443233025,HCD1071634
286.6416562662905,0.033208292202553946,0.025301225922853554,0.012453471270625655,0.041549384217357106,0.009989146075545815,0.024640085915172406,HCD2051532
224.42609884885843,0.02937964516951222,0.02352293647793668,0.010045370579613069,0.035001876824531826,0.008221145456058105,0.022011356054126748,HCD1175343
245.88451559718143,0.02997392202381102,0.022575720593004153,0.017828686606584185,0.03794568644388052,0.013908368817955171,0.032240278551625035,HCD1013014
214.98009160762567,0.02303158431662058,0.019720040896654415,0.014320497781776515,0.033675096818322,0.0073419166374065654,0.024314336552039233,HCD1663053
233.11017159646215,0.025440439762670016,0.018657947851414995,0.010284664055031187,0.03605604510363014,0.007048469804031662,0.022393250408149393,HCD1093139
204.78127015802278,0.02291717946701914,0.01778423279820983,0.011907594896651892,0.028265988928446884,0.00804570981025731,0.031119103840729148,HCD2679073
256.0264586912218,0.03298894080719685,0.021419359538109195,0.013743989309838087,0.03475242379178404,0.008251447373668931,0.03590279902212592,HCD0957368
212.52710913303036,0.022452045627213067,0.016789357332962794,0.0070367006021514345,0.029945140489148526,0.006193775915155256,0.017590156680558085,HCD0788674
235.49448374006903,0.023751250127258552,0.0192292586025037,0.013382607373412885,0.03816915132025192,0.007552906024045904,0.02290338015737602,HCD0626446
278.30036372854846,0.033869090198397254,0.020957028885798288,0.008174885552360699,0.03578726154925938,0.007382009591427043,0.021445107312700197,HCD0919562
201.26722773442228,0.026102637356840565,0.02158635749575771,0.010119276470447823,0.03309188924996446,0.003872545255901764,0.016506049992133127,HCD1016929
199.46097305613546,0.024026183642150083,0.019939051384672488,0.007525748146755728,0.03661825004409024,0.00480543705503392,0.009989511908058161,HCD2336346
233.6584694690463,0.025659678260780965,0.01888891264209231,0.009154074984387054,0.03814333194634171,0.007251547120807192,0.0213454499394667,HCD0311320
196.641305632119,0.025550863290823844,0.019103639036777018,0.010462438174011407,0.029139026545414063,0.00607469624671765,0.01895877912612399,HCD2860262
239.52120407569612,0.03026073382691612,0.020385572896712743,0.011367456039741063,0.03242568718744688,0.006947468527163426,0.018310888232127138,HCD2203933
168.1677203104781,0.021213389879322402,0.015340506818752299,0.009246301669598217,0.03139472655293879,0.006688780585108084,0.01884567558823947,HCD2105125
252.38666851333903,0.032087663454156506,0.019449739787972025,0.012190195122969769,0.028923211738293767,0.008445445322757632,0.022667970248430442,HCD0752855
168.60283418052086,0.028726082165134982,0.015626597537213183,0.010183734011336853,0.029855077458861505,0.004589264878603495,0.014250468141751373,HCD2383658
198.0191153532475,0.02606072845889368,0.021066937965082026,0.008338697597000752,0.031740139512449576,0.004512209549438923,0.010986842584754877,HCD1285956
242.96314942146998,0.023149724710190746,0.021811950066553187,0.010385841384626093,0.041230062232157874,0.007934904545071602,0.026187133446892327,HCD0630134
218.53683213820614,0.026339743774826643,0.018822369424402293,0.009178054849092884,0.025809821070025687,0.00471573495229913,0.01730719783093756,HCD1493761
287.9350215099055,0.026883466082756657,0.021251304917286083,0.015021359252479442,0.03750325619827015,0.007808608133898148,0.03768632036359692,HCD0042420
220.06222162472937,0.02452901186470442,0.017850163065970103,0.010403784470173483,0.03959081910173174,0.006640116300183152,0.02393534273948243,HCD2035635
184.46550053420714,0.024765245124425617,0.018231481907967244,0.008530024741786178,0.028451984780465147,0.004794249109018453,0.013875557795702978,HCD2537457
213.9224804322199,0.028146366665006195,0.018832744233817197,0.00776588725399584,0.038356680663927965,0.006922525345828908,0.013359839855937644,HCD0614237
112.39155977991581,0.014829491507560712,0.011884831174612854,0.003519162162398448,0.02118615856229194,0.002791615231350945,0.008402062921158384,HCD1796577
193.3947019722155,0.02028013833990178,0.015219976369315318,0.008623739379675466,0.02581515006188214,0.0046697245678368375,0.01114676275171261,HCD2134031
206.48021396407768,0.02962270473606918,0.019709538599088586,0.01198687785568007,0.0319362758056733,0.0067797344209550876,0.016378685525577252,HCD2540648
254.036005804786,0.02438327059358781,0.016566897882564335,0.013432803449513609,0.027559671969927778,0.007505091465645895,0.03562259576131992,HCD1022722
254.16321526814144,0.03574554559252854,0.019191960441925844,0.014215858727572559,0.033774434992898984,0.0076655672332417235,0.02154881118030434,HCD0110411
191.28000314908945,0.02564048528216959,0.016025319530749517,0.008564003975856948,0.022242021486999882,0.004860878812475955,0.019081925303788338,HCD2286155
266.8420668578391,0.03548104376871535,0.023390992356794673,0.013917259918395744,0.03821146110176079,0.009332414378465164,0.027045898885906805,HCD1231832
222.8751324951471,0.03511321362133501,0.020912211616161695,0.01566523921548259,0.032839420191785415,0.00982697541668906,0.034531886604554134,HCD2046842
170.30936210239256,0.024927231395649955,0.018252185353755588,0.008518817079639843,0.02850545992677058,0.005132816113162783,0.016661221511600776,HCD2594671
213.17121403500465,0.023058528274879732,0.013840056786297726,0.006753562315243324,0.015641504350920883,0.00371468724448224,0.01581463439298757,HCD2810954
187.96929427295998,0.020799409595319007,0.015049985079085297,0.009118829979138557,0.029719146360279117,0.005371031758260476,0.01769836711110846,HCD2302430
156.118341229408,0.02005611838259569,0.017336954762225753,0.007847083996410003,0.032081886719950915,0.00678717874693512,0.01799018222236379,HCD1933864
185.7302421947478,0.01961990611275982,0.012559436559744994,0.012376719618052751,0.01740054662472945,0.004086791473350021,0.018091982315158177,HCD0295146
246.45729174152115,0.029991183158140075,0.01971645860045948,0.014124112838985967,0.028802015217118903,0.007586903387201248,0.021357489233514385,HCD2685169
173.6859211758604,0.019169336980714824,0.012046293561529404,0.005523340822711236,0.020950714934713347,0.0030932328404228463,0.015401353021583571,HCD2062537
235.2359322209921,0.026714423998927726,0.0195864223275709,0.010269106326984646,0.02776421274017744,0.0065397276046837045,0.01989171117847075,HCD2785678
239.5883235511944,0.027638591407891103,0.020776805539873357,0.009820926882792427,0.03951527907767422,0.004239216983958747,0.017118221765970557,HCD0555146
273.8761865461166,0.029479030954053798,0.01840371214309434,0.011689437058428611,0.034326114055475504,0.007359482775850302,0.022207471420994312,HCD0152932
181.33945802380998,0.024261048530322654,0.015599003617860813,0.01125198972898054,0.03158498956895856,0.004369059358659574,0.018075926689706638,HCD0298758
238.05583714573083,0.02995784108144404,0.023156699502961002,0.01782144739222471,0.037394854900841795,0.009687018281031589,0.03443797390213007,HCD1010412
200.16916565767644,0.031077313284537722,0.01771660208241224,0.011856720851781202,0.030023376336717783,0.004793812336878706,0.023380836690251136,HCD0001305
214.21599855275701,0.033892415795252664,0.021135165093573573,0.013591006498548852,0.03443452010256338,0.0075489274068070945,0.020778923014077445,HCD2807460
241.79100431225402,0.03816729586384793,0.021734850339780655,0.012274562281861568,0.03276875916632723,0.007333895575315047,0.022524403811773744,HCD1328241
110.0586295740336,0.013288111988281925,0.007050883923800135,0.0023679822208691735,0.010113887417627814,0.002052015207842506,0.00818085105493101,HCD0551946
198.25725712945504,0.020772382160559655,0.015651721699396475,0.011310798182627545,0.03254128973719115,0.007940484467947014,0.01782868420052021,HCD2714655
148.66189002705573,0.01947319324013896,0.012290250693263054,0.0064622731016268425,0.01864885844199679,0.003417947466326858,0.012327667993478513,HCD1184950
274.72479039666837,0.040420899092524,0.02443869957285052,0.016836124519163078,0.03878659139371257,0.01040916611408769,0.033754879942431336,HCD2001517
211.37725373515673,0.02717293933167986,0.021764093566043242,0.0127509223433762,0.026087704977593027,0.005959090000954987,0.022921125383856208,HCD0534138
204.86081973419883,0.01960271640635703,0.015780358902374007,0.006555199962992295,0.023807452987979604,0.005359469839178515,0.013556013630965915,HCD1491252
273.83617620698226,0.03717276709067389,0.02210823451974369,0.018508434337649697,0.03791695193092214,0.006007188368080143,0.022652945123174083,HCD1886275
256.2969555932758,0.03257334042727745,0.025980510379493834,0.013038239024308092,0.04360339883269047,0.010084980912658727,0.023534371569144483,HCD1490048
175.56825684098433,0.02422607878670012,0.016732847967908738,0.00615013954213043,0.02716183663875859,0.006119062583676781,0.014423925936809408,HCD2904862
206.7787749907752,0.032166863727413314,0.019077581336411065,0.011643481646005364,0.02965883173448952,0.005360701041327431,0.017865387116500032,HCD1111822
218.3435256229183,0.028629473619566914,0.017795130664230368,0.008165784050363903,0.031792522554728045,0.006065217585437331,0.02091222520361882,HCD0515538
256.614223035482,0.030995951754909056,0.02133463122471078,0.012353295554304368,0.03633850133811748,0.00874910290522002,0.03019067723570471,HCD0686666
159.5824458866024,0.019498567668683502,0.013987179353891155,0.0049210683552669485,0.02234088988951135,0.003907318802442611,0.017071864783725126,HCD1945164
188.10608115006528,0.020403746433298883,0.01121004658348222,0.001753964726632537,0.009807133855121192,0.0017416534797276687,0.008310355890243438,HCD0980262
225.2329072620882,0.02837904028885875,0.016300298348217467,0.012245813641676442,0.019740493586189612,0.005539760638820781,0.021625166143759336,HCD0719352
188.44256383117613,0.018792028007203896,0.011703639289744447,0.01071357897633129,0.02026054755610317,0.00633860783880661,0.02329632817048484,HCD1658565
231.3201674383305,0.02553726851773881,0.0177546853614148,0.01178095769208169,0.0317097213601465,0.0068978173736772485,0.019741080644431468,HCD1946469
216.66662107424884,0.033250831796467456,0.019329064524701144,0.008115766292099544,0.0357303565055512,0.004835569043740603,0.014053396132975968,HCD1646154
175.72269467581708,0.015498471968379415,0.012475881778680122,0.007007503513146562,0.02554345771799636,0.005514090240890408,0.019224655505701866,HCD0796067
222.38038609995806,0.0313995531356074,0.0218865793592376,0.008488740867005013,0.03724815998591203,0.006416208284679466,0.01595054622888082,HCD1612238
175.23431178938102,0.018548020020122343,0.012627188379335139,0.0072099170389619644,0.020096894701054357,0.004779926047982479,0.012848148195537595,HCD2812352
195.55492582937202,0.025705823286103335,0.019615815341065296,0.0059778018531713465,0.02840677028366001,0.007216713198396587,0.01504960735609713,HCD0664656
182.03686953327264,0.02372112184736886,0.016990873875782176,0.006373097119437205,0.027548153238894018,0.00432029528205723,0.014484834509274472,HCD1458153
171.8716764369135,0.022418119753627692,0.020233537143594715,0.007705067721960692,0.03639273861610545,0.005444095671538155,0.021165690701870448,HCD1886477
170.7297016868411,0.02025019194101333,0.014057247453317243,0.006573896685036199,0.028867396225709226,0.005547529551512974,0.01304414083550085,HCD0119429
261.77825479072214,0.035338977152019946,0.027800452939119265,0.011301581223022382,0.03696770718685592,0.005370646719830772,0.020953437281344783,HCD0353538
207.02391710029116,0.02688375143504652,0.022661755057529705,0.010459377195782093,0.0355248075908236,0.0056827878944565235,0.021470407841521946,HCD2400026
259.8334877948082,0.03907342260886247,0.02351496561559426,0.01502820036390296,0.03657750641440987,0.00874586882778606,0.036869431547501996,HCD1871969
229.38982876032003,0.028507088431959822,0.02064122723757006,0.010679734279601387,0.032952886362860215,0.007130576071056106,0.02498517959691455,HCD2156142
245.41466961264524,0.030258834378652805,0.021990089886602594,0.008627019807388862,0.03572362597109314,0.0063379828413715165,0.01864643706974765,HCD2524751
208.20440674143472,0.02742238962202122,0.0186028164312553,0.009803317146992296,0.025414706665035747,0.005533840492404128,0.018671443661070375,HCD0236130
175.41315572251463,0.018940937793925906,0.013154632810053314,0.00489831800644998,0.023583973732340113,0.003386692122836017,0.010627641614558005,HCD0486254
253.55308640220034,0.025135878118492067,0.020356896281748648,0.00917655859926188,0.029214106848877205,0.0066554767011824615,0.023394918594956862,HCD0605135
210.752914794677,0.03356995641700047,0.023158135613928616,0.01076230454061222,0.04605299034922731,0.008543924798502484,0.028016424367694658,HCD0667763
302.18074713140675,0.041925653451300914,0.024351928641169335,0.016256567015614804,0.036455303939923335,0.009462107976957871,0.024816877970383622,HCD2932665
287.192344381994,0.030934057740522103,0.022214672702365934,0.012899419195732655,0.03680672622033008,0.009580970036235769,0.025086737679985288,HCD2008329
206.08141235134553,0.028118211493195277,0.017397193410269764,0.008513532180598578,0.03573535084216368,0.007179969906266265,0.02171460736404436,HCD2301428
210.95877379780825,0.023563743841744755,0.015545666964405654,0.0067099288654083504,0.026377040867147268,0.004233372715577545,0.014571245446582642,HCD1950056
244.33251949536802,0.03311059004854857,0.022829076017981828,0.012943797578957321,0.031133673059386274,0.010007645263878847,0.023258482254518306,HCD2976382
244.85149127076394,0.02871837172307627,0.02066674986494146,0.009292362756771309,0.04162014348087079,0.007755229430728874,0.015741539620617348,HCD0393550
215.49859305088734,0.025935576136305427,0.021598595990588994,0.008369378923514798,0.033671667307419356,0.007516019656227361,0.02116958457383418,HCD0536142
223.29867042157454,0.027740790060795047,0.018541159526045944,0.00825821936999615,0.03701396607228381,0.005337594810254849,0.022546325986669332,HCD0869371
196.41615790734744,0.02489661955635248,0.01856052802446977,0.0067018219997276255,0.03064042971671878,0.0052449748868803325,0.01772229039210097,HCD0069238
223.2988452784736,0.029453979107757905,0.016939439492412275,0.010582652771139007,0.027791940215192348,0.005657654393512774,0.017340152216392398,HCD0259546
199.72800211974908,0.026844168114447307,0.016519722347105664,0.0096080662563521,0.03345413881301853,0.005008696153826189,0.016167037567562857,HCD2496570
201.4130103084949,0.024657051051856477,0.016577790803117765,0.010959392163227524,0.02683061807006105,0.004796395966532907,0.032969666315182146,HCD1400728
236.9656338192077,0.032553844725817384,0.02701699938757701,0.010352796173350113,0.03804562362117316,0.008473252307446406,0.026847453477660727,HCD0476352
178.9036939260293,0.02035133950451987,0.013388272759991916,0.006947350193547619,0.03276596906749737,0.005030838256645517,0.014758907062298515,HCD2901654
207.51477968621873,0.028918872951540164,0.021619986078477343,0.011474861011871717,0.033560049438602364,0.007768289063609112,0.025865254219225656,HCD1992375
230.34026979668778,0.0235063303489131,0.01807371908297582,0.01049537216338884,0.030468454718477485,0.006913101038536246,0.024666700555575398,HCD1622342
228.35216452763004,0.03376447517650222,0.020981221139787565,0.010877388913042414,0.041126154246230534,0.005147796026304725,0.025067127619719427,HCD2731049
237.8173822139703,0.025884903903753073,0.019231487628964882,0.011058678858483635,0.034218569782295385,0.009197879010950172,0.027808947283548782,HCD2855875
213.53127182126266,0.02774603733125049,0.020698167065310583,0.011397035943610008,0.041253501036814647,0.00849932866519211,0.024986400473990096,HCD0505838
207.34016690903638,0.027560833958884517,0.020852937033484845,0.009384712389628269,0.03560211255337968,0.006186457967176435,0.01917732314254353,HCD0641341
256.85426551736305,0.03279738791158241,0.021334244204236696,0.013179582030492092,0.03980717550588041,0.0064034633260992005,0.027759567622020677,HCD0174235
189.35152764438826,0.025297440589350476,0.021659660866594793,0.008674122534126187,0.03420884037644076,0.005957057874004215,0.022464964430831902,HCD0128935
263.1448868992673,0.031227629992366276,0.024758630247815043,0.012897440859742034,0.04360099754055317,0.005736664507198318,0.026038206312779703,HCD1785572
227.83702577528925,0.02838192566025852,0.02057905257589271,0.009915775216922485,0.036880256915645726,0.006858429018389607,0.021808312907625353,HCD2063034
173.32972550262554,0.02178592023762926,0.015958262842756903,0.008656599008554198,0.03290064769937289,0.003688290041412931,0.016503100321507057,HCD0041822
255.41559892854178,0.03311804842059361,0.02321807305658368,0.015219317100097178,0.03652540626218373,0.009422502315069027,0.025635240983364144,HCD1630139
175.74201024424582,0.024226773877261073,0.016818895685895473,0.008660643899366943,0.026817957089670146,0.004882194020505546,0.014250277578048228,HCD1714852
186.9834736681692,0.02962451330557136,0.01891741088119319,0.007533758196147718,0.028360877275801954,0.0050944834724271654,0.013701269826068289,HCD2140127
240.84417163607642,0.031306460384178066,0.024471710107369895,0.013162226932536542,0.03613006624553034,0.007174989258736894,0.02675255255466392,HCD1346849
221.69532364714163,0.025742968204129833,0.019687591389442823,0.010995468494222038,0.049501654621666766,0.013124234581354819,0.029546925900412056,HCD1504437
202.4578471304506,0.02744607326407676,0.020363688326631706,0.009942019689696253,0.02320514695691107,0.0051925863714877285,0.018894177849377004,HCD1633751
222.72639078178366,0.02514232713793945,0.020018807156563782,0.008810608300417395,0.0362060698515776,0.005235090791601034,0.01830003496796755,HCD1994884
203.85297695386413,0.028348012242466913,0.020609235795964773,0.0143154265128066,0.03937835805744424,0.008118277705308574,0.02877053248001018,HCD2400632
202.48664831258696,0.0305017464437284,0.017536755179690854,0.00822021265942857,0.030335824812375158,0.006518547418125245,0.023709797595374504,HCD1203928
287.30163773266366,0.027030780507810822,0.020858318029810995,0.010925347885725608,0.041568900859798565,0.01247941228002355,0.0362894429716212,HCD0808654
237.23457680318705,0.032483974752567854,0.023716916354827,0.013847550374000386,0.04678962728662647,0.008713347245445667,0.029521386458155552,HCD1886881
180.19265921909258,0.021504690552408928,0.015507161769852142,0.008387004348788103,0.029004235074401984,0.00533475687444695,0.012514151925127647,HCD1129235
184.97235112444775,0.024005287492501873,0.014250370622599802,0.009652209577489582,0.022283469032390327,0.005032433211464072,0.017613327510121884,HCD1553551
210.29519931672127,0.023160356641548665,0.016195201272401833,0.009068685521270405,0.028171568140959634,0.006374649539679293,0.019365889697736654,HCD0183438
164.42478880829458,0.01710299271877873,0.012598542985166017,0.005682849200838314,0.018211389305647974,0.0034704596057588987,0.015421375086045162,HCD2133433
267.73726924918293,0.034140878012552375,0.024064054032192184,0.01212875333703182,0.04392354258994973,0.00676822152468877,0.024094781745256675,HCD1411632
303.6301766945918,0.036008595618492074,0.024921679502072278,0.01980808645261143,0.052332653752749834,0.007577776530009895,0.03924387666313545,HCD1380849
316.6774811883097,0.04419828883519908,0.024605911432008125,0.016472566968299244,0.04426357856629883,0.008232627312932806,0.037520293203350694,HCD1880465
223.00023430464796,0.023800538145267138,0.017842004831386905,0.007085425346218593,0.026880423615252554,0.005257060925848167,0.013857128654533514,HCD2856170
212.28808554633264,0.027252377646984172,0.01860223956059143,0.011245209452479754,0.030573452940927753,0.00585616322584272,0.02500171347094358,HCD2000111
221.43446426919604,0.027783842997301862,0.01765757740015679,0.010346846150340656,0.032865321252491204,0.0068560842673021,0.027059373225471684,HCD1103419
222.41701109770474,0.025893848778164214,0.02196818816032581,0.010789959524529776,0.04149907977568284,0.005588019754711447,0.025920643054982144,HCD1396662
146.96656772596245,0.01798117861962338,0.01315556535167318,0.0062111936537111185,0.022318365120397813,0.0042182262998427715,0.013873661940893846,HCD2879788
168.21967722997925,0.023357517933427833,0.015050738337800474,0.006741734499817028,0.026044645500927194,0.00478956659699929,0.013110777015337137,HCD1282142
214.6553651697163,0.021967322692411473,0.01733193239871886,0.0060199470672149475,0.03253929370911971,0.0046238980674441,0.019385637733323295,HCD1410933
265.3989703600906,0.03535009545319412,0.023362806093542302,0.011975154068131197,0.0426572113958706,0.006797183993269188,0.02599256644586503,HCD0185644
303.45558658345715,0.02743841182778962,0.019704139379512122,0.010006707596479194,0.0400053263650128,0.006974407909378152,0.025082090693611107,HCD2229547
194.87425076114437,0.02540268880651108,0.019590622808854187,0.007765399395814989,0.026310730647375543,0.005563729192281585,0.010687111438009687,HCD0143426
234.80324532285977,0.02980784086681305,0.02071559790710605,0.011225586287858365,0.029225709453980973,0.0062161993157931516,0.02280767753072659,HCD0904650
188.6044585803437,0.020955614172246118,0.016730399177901974,0.009168309074342917,0.033386807206663344,0.006593339957510306,0.01691425576438983,HCD0022919
190.67117889427865,0.026297102683459594,0.02281140689958135,0.008837434660414848,0.04832367605483329,0.004535625237494249,0.020325460525873994,HCD1527045
284.8597191691361,0.029340044390317194,0.023036223010858073,0.015819024527898278,0.03771091438215603,0.01028825266944527,0.038042002103672694,HCD0678970
208.57510147382956,0.027287010137430373,0.018204089503817782,0.009927413634731392,0.0328353484821403,0.007777796325476399,0.022457299091872517,HCD1798985
217.48795847250105,0.025023670369168582,0.014688055942682248,0.008436322146548237,0.02550934427297277,0.004833004984683228,0.01814091498642807,HCD0541539
233.0390635688879,0.031764606681631884,0.02214616330643034,0.01177150684603124,0.034523565544523294,0.00592249514788742,0.022107768104855957,HCD1881164
260.42499042514333,0.036455572103418196,0.02427066285765566,0.014352775424530171,0.04280412683889754,0.007172751007292319,0.026934066904034767,HCD0129937
248.62400051712675,0.030044602276008903,0.026902688962770246,0.009020055619189142,0.050304781213457106,0.00769695612434671,0.023020974446225487,HCD1139541
187.15615984384382,0.02671205144180217,0.016085131782990984,0.008769173197057488,0.02574935225205271,0.005431025242492019,0.015821350743431592,HCD2342745
271.23015114134216,0.028309905732616596,0.01968094103455441,0.013538115915485092,0.03476729751876211,0.009160057739025704,0.025839236083694043,HCD1856468
272.26262578943,0.036003601523210214,0.028878576204422968,0.013246136904932359,0.05203877564487958,0.009768794986890596,0.02778435665646819,HCD1880162
268.03353201152544,0.029211354143612377,0.0202961864728256,0.014760309829375208,0.03328567392840192,0.007409373629745819,0.02317975142977184,HCD2240030
207.9631815986801,0.03036483259424216,0.019578968282002146,0.007888078069842418,0.030844695664635217,0.004364798140212534,0.01376757909827173,HCD1363546
251.81527598483564,0.025868241468939422,0.020227495761438154,0.013762147820867206,0.04283383636149416,0.008406598314672876,0.023785932565189523,HCD0147333
234.3238447130802,0.027460784535734428,0.019264182020885073,0.00912097719299639,0.03037372358837824,0.006307672450853419,0.020444392075702734,HCD0933051
251.73718530470893,0.03011794128547426,0.02069264413944885,0.013219770854611597,0.039744469310802714,0.010359953647391734,0.021158015759194168,HCD2068145
225.16064494636734,0.031136669376644232,0.02397909692833343,0.01052031634425175,0.04779975707529135,0.007406759091821945,0.028265426681162564,HCD2449763
170.26366642956933,0.018730005994110507,0.014503501070689784,0.00667410751540154,0.025722641863795196,0.00417175562025643,0.014459039475319766,HCD0997380
253.55427182699952,0.03419748799945961,0.024279246751743075,0.01125459718908513,0.0464688876783339,0.007578686520743221,0.022018883092479388,HCD2300426
206.51554390032987,0.024052203446922188,0.01952951179920163,0.007083135931672463,0.030634408116326266,0.0037735639171653326,0.017627661455283473,HCD1791163
156.67991796899219,0.02094073725060636,0.013689639667845475,0.006311235266814218,0.021774225196197247,0.003485258642972609,0.010463656599224266,HCD0802440
189.3599971882803,0.02251722390308767,0.015931816671328973,0.009363249543062804,0.0326662512742569,0.004768239209728635,0.015730590221211233,HCD0247438
231.8347662729598,0.024224485919620287,0.02095922807349351,0.012610277710707008,0.04233954669669232,0.00905611239631413,0.031554145800755606,HCD1445245
161.88487178664514,0.021124736955558054,0.012993346243029526,0.007141252497585909,0.01893380244117502,0.00492081633468307,0.01533938472467948,HCD0714443
202.82328800071855,0.023019070722440506,0.013903581171761036,0.007737124555811237,0.018403390673630445,0.003327040562758518,0.017764747000021282,HCD2600034
240.739336788484,0.03153022967742783,0.023200126936222205,0.011830989894410908,0.03570177593473804,0.006216273098738671,0.024295290377924366,HCD1983879
184.5892844710195,0.02028793942670798,0.015766447941943075,0.006849292806218361,0.02439662723891202,0.003168124744456185,0.013275501288376408,HCD0977576
283.31525681655523,0.03231763843970279,0.026748547399715848,0.01543791248214869,0.040468713713141036,0.010671561628092446,0.03393311755570745,HCD0425335
248.77233734265704,0.027901412595981907,0.01867120000468594,0.008815112063682885,0.0343473256758386,0.004635775775724934,0.026024704679822402,HCD1181843
240.38079406032455,0.027917095797120848,0.020493443118392105,0.014810313146242874,0.03542234187422565,0.008275575377090774,0.031327373658868875,HCD0822850
196.03294756026446,0.03435920372942008,0.019706989759455486,0.014292419209895615,0.032595676031812355,0.0060391840046348216,0.02121544018574469,HCD2655766
228.48798323816928,0.024345764560076383,0.019210165252303374,0.008316590763446357,0.03824442178210107,0.008437920993856244,0.020445214166774653,HCD2797584
303.1741801135229,0.031198850120612288,0.024241216625403985,0.012959108854933121,0.03410082320491076,0.006730044078070117,0.02905889854941961,HCD0519849
195.86046359003234,0.023829550890117394,0.01758871124779221,0.006677420633531737,0.03233215205646734,0.004752489722107244,0.016211093353754705,HCD2304737
239.93859449242805,0.030604893125676824,0.018129539958692886,0.009407942473955468,0.02921764384029404,0.006727475886384179,0.022819417433037996,HCD0858467
197.39830203811982,0.027858476158196324,0.01565847924811782,0.010227592845460761,0.02394204523400938,0.005180884406000764,0.014475719404850065,HCD2711649
184.266144640884,0.025752538944660567,0.017877299168394985,0.010234415605252938,0.0225452853529561,0.004476835823715756,0.021898266612815055,HCD0267747
146.21624734884114,0.017543558007130346,0.013708762022811852,0.007070051027542668,0.026553412662196855,0.005449440169353158,0.013921060854127363,HCD2633554
244.86656345709463,0.027562394961539595,0.01971389646385673,0.01034139369975452,0.03858624095466282,0.006530971219451481,0.020923111119619517,HCD2751560
197.0540122566057,0.026112667278541196,0.016702898018944826,0.007312832688145229,0.021830458324632103,0.004685080624194954,0.016761564308699198,HCD0621638
260.2114931975759,0.0296429548017188,0.023884830228984504,0.011557057540754744,0.04084881016423123,0.009148928550544994,0.02298783331773107,HCD2216437
199.39641950014067,0.031216830093404663,0.02069698710411278,0.00994073724682141,0.028127533825341687,0.0067365724184864076,0.021151340087983493,HCD1113220
214.84342785741046,0.021285910227225625,0.014193080996740643,0.005983434373870359,0.0238901338241749,0.003437607993565307,0.019209126846282905,HCD1759571
225.7210886105819,0.03284641781198136,0.02384066598658914,0.010808577583557553,0.037747002169084214,0.006060907988931435,0.020575168975389125,HCD2757370
181.58327958503037,0.02295571789342786,0.013327829248462366,0.00713410650096388,0.02345781063709962,0.005252724517916088,0.02098731222335699,HCD0236635
230.19530809257049,0.0324441139569394,0.022551848201261937,0.010269490170831468,0.040217911860186,0.0069056647060307215,0.017154271976638175,HCD0644044
185.99604736527365,0.02240946626403766,0.015159092398751552,0.010271592453040941,0.03166274459409317,0.004099981985691919,0.02027063061274682,HCD1128738
191.92428384487093,0.025278887416966565,0.022252319114841372,0.008699499973317718,0.046414044132732195,0.005424179661465144,0.015467542066859373,HCD2696780
218.30805710778665,0.0275763771863055,0.020618494558961135,0.01013594558723242,0.03441196841352743,0.004801543165660507,0.022543578534973168,HCD0894875
262.56591793920455,0.030730761582971937,0.02393510480629503,0.013875552871879821,0.041683730711126556,0.008285316514024558,0.026401076194067043,HCD1787677
273.16841987085803,0.03520799958852462,0.025678827120154978,0.011242045817105311,0.039551561172162755,0.00810456347561536,0.03232656579782867,HCD0804545
280.14340395965786,0.02980210408814198,0.023814910707228902,0.018125687529034686,0.03905913958286483,0.010471344565681842,0.03478335715972955,HCD0075435
171.03628339743926,0.019747516122913235,0.014890045696332609,0.008023544190405916,0.024741941761706188,0.0049215027849668636,0.014867413054028993,HCD1863465
215.89443052931315,0.021483117688289557,0.02121136295625835,0.008508877534819385,0.031368578281751276,0.00492583753231462,0.01322278006840403,HCD1647863
169.92655972375167,0.0200047175532266,0.015758267375822047,0.006985751912693216,0.03025780800613127,0.005056816311986217,0.01336148599521084,HCD1305936
237.4416382213983,0.02887261929321575,0.022808715748025725,0.010221608170183343,0.030340718310641973,0.007243703807535254,0.021119875721260544,HCD1277149
209.6907690421077,0.026176292858484843,0.023440605025688965,0.009738018754907814,0.049985489741630446,0.005061085740136409,0.015360805979049777,HCD0797877
222.6064364834478,0.02224812593006599,0.01703210902476096,0.009466485410014379,0.028017176436761607,0.008224101472934453,0.024920093593027156,HCD1187653
255.9505326999717,0.0303107860972624,0.02209610825450302,0.012885111674050874,0.04201501687552501,0.0075343477397516075,0.02483792022795085,HCD1215632
207.97276901563868,0.03173875785959343,0.02249195726234324,0.01188869268851998,0.04805865293861443,0.00780726605766293,0.02591337650047404,HCD2905460
247.33391876196407,0.0364810347832991,0.021824890553480438,0.01355796873821446,0.03156892526720354,0.005288615565970946,0.02516285103749108,HCD1930353
244.50081090068863,0.0349044611617002,0.030613056540757435,0.00990445773726175,0.06127381238550593,0.008918541517209205,0.02483067552342109,HCD2581763
233.08228967517078,0.025888920528992204,0.018869257968423127,0.007370650421050576,0.033749240769928225,0.005809525310763136,0.02003643844215556,HCD1928871
272.67062270895656,0.034393061200950426,0.0209121201965988,0.019076754969745795,0.04209111751011644,0.00853980514944913,0.03240676790908248,HCD1010311
248.4385559008051,0.03214532118254058,0.01944914671933108,0.010535319669209245,0.03112211596353355,0.0071841114864834585,0.028094957233777994,HCD0392144
295.30229821843193,0.0313522696413721,0.021491694831503802,0.018676539684497683,0.032165654061908786,0.01070016259828446,0.03920719271926649,HCD2164242
184.01444996657105,0.02729408890741465,0.020242931411308354,0.008923545064107755,0.034436152930054025,0.005402460391392039,0.020429780697721257,HCD1568867
189.66442572571611,0.01982716805384299,0.016112284309693133,0.0065328613159921015,0.026416843079716718,0.004763733647188594,0.010710409121374295,HCD2715152
195.5973863532712,0.025175411065829954,0.0238732507893193,0.01288577668764407,0.03336788194281004,0.0074116203095266845,0.02357684641564062,HCD1293349
277.72784521003734,0.030107434088432066,0.023845744791937493,0.013056806264723893,0.03508154524281316,0.007804094057304701,0.02997663671940457,HCD2721147
191.54705805473316,0.023459358885432324,0.016312999815516652,0.008552158901158884,0.02930619263923154,0.005963175311363659,0.017585058607355954,HCD1479969
301.215880117961,0.031476327727043646,0.02877677602643299,0.014486935859746489,0.05006095818234889,0.007376089295505521,0.03173768571085966,HCD0123925
273.82956379821405,0.03553905402394057,0.02145284398420379,0.0166798698636254,0.03400716338951749,0.009401077762963216,0.031582549841109336,HCD1120015
171.9182034303967,0.021883101224689557,0.01398579856536362,0.0063545401020644815,0.022759235002821388,0.004640481018649904,0.01699256983499629,HCD2743157
195.70601101286195,0.029460202290312265,0.01594199759545959,0.010794957019300385,0.02605168983060064,0.00563853419033829,0.017151549251176814,HCD0988682
224.13249001256816,0.03906678541825616,0.021510752654773986,0.010594823748872105,0.04170733819214379,0.006596135480450165,0.019457479793903738,HCD0848060
238.6320180819988,0.030726235812049998,0.02439995927218094,0.012608960099122787,0.03137246996150059,0.007286648807544531,0.026552987139790644,HCD2156344
247.65577885383425,0.03175854763925506,0.023399659318275385,0.00846838570487932,0.03345293347800635,0.007215066260126629,0.024865170705685866,HCD2383456
246.89741952761966,0.03055939119573689,0.020691293150145704,0.01197945369890778,0.03054667932303488,0.00777163624263062,0.026346122047923307,HCD0462341
252.98883390990824,0.03131137871357088,0.023726434684657086,0.013918578977500472,0.041497449694135845,0.01088560485306337,0.030778308736535316,HCD1267348
184.17019938947698,0.02581668617405139,0.01682816529822542,0.010003118578336648,0.03469697946268714,0.007068974290137632,0.025712481260074683,HCD0031617
142.25721547790405,0.019866343421766224,0.010640867457175948,0.006712314212473799,0.022559097651519196,0.003856272214314902,0.010740220000592628,HCD1227134
279.22133645865915,0.03872824545936749,0.0271403103960642,0.015201567986152988,0.04335229172323945,0.009486422732645002,0.03622573789370487,HCD1108833
193.68485605518032,0.024420770361274394,0.02053134500811498,0.009798466636822363,0.03040867047327874,0.004416838144224875,0.021418221518468686,HCD1855365
205.6458259661335,0.024130568971111464,0.019187620005039856,0.00964482734790843,0.0323088295569323,0.00664080607378238,0.024660718817463102,HCD1197757
248.1884625289467,0.034451903604177034,0.023033717833777632,0.011944253572825492,0.037199637778544486,0.008666033032038256,0.02124057194350866,HCD2957277
160.70613579858227,0.02700944568740059,0.017182068893574487,0.009791960887074512,0.02928889363253493,0.005051198456658811,0.01793536573447805,HCD2109638
220.69679877640436,0.03278352915510257,0.02524201838357453,0.008780372993867523,0.042806567175317965,0.005864179499580052,0.020328158832835196,HCD0392649
250.14554938038455,0.031992706663581415,0.023656701309874403,0.011844938183503195,0.0329904002320866,0.007172547545162208,0.019368672852972182,HCD1872971
193.92925651897625,0.024149403227990144,0.020829565566292726,0.00919210672857386,0.053579428766861066,0.005392455690844114,0.01856133328984023,HCD1411935
214.0050213673179,0.03344107450593597,0.022855245282489528,0.015171386377060142,0.04511714483585765,0.010097739417165632,0.024310606194577596,HCD0469658
189.49820963414237,0.024856050404764022,0.017786497226179424,0.009446328313449602,0.03661061035845009,0.00552266437370812,0.021551594980290918,HCD0772255
234.65602838617963,0.02960205976074514,0.019774229547088608,0.011950626259316055,0.04144988681892334,0.006920793612933202,0.018768285417815184,HCD0514738
241.10919915794312,0.025065316404540273,0.016885538173634345,0.013934079489581612,0.03064765313859912,0.007370821701482212,0.030952721055148187,HCD1106728
233.49461434364608,0.030286510258564298,0.023836496849061074,0.010109497725939082,0.040225012149134855,0.006629521019739034,0.022222069114223454,HCD0979378
232.78392118321773,0.028270779422360576,0.021025667583241564,0.01065173818058283,0.04343493810338602,0.008264952192858596,0.023805741731910652,HCD2768981
233.68167431865157,0.029653606653406918,0.021114575837937705,0.011071054729000723,0.030290598085021204,0.005772749455603238,0.019752418830216383,HCD1783366
206.7272987796357,0.030733077477505394,0.02106972902388024,0.010276206912086985,0.03446449642854814,0.005588808640288224,0.020397842151449564,HCD2491257
213.81471122005667,0.026561927270222472,0.018911523732982626,0.011543522877148594,0.040111984963559465,0.008607688364753866,0.021923638779917452,HCD1464451
198.3564431658712,0.027696203601162254,0.02287402168955919,0.010309014788909386,0.04579877025953655,0.004996513199675709,0.019341963229464,HCD1435646
280.42971158307387,0.031537570323838644,0.01999932925794935,0.010063476297752746,0.04376831098415239,0.007738130538895391,0.025497537861675287,HCD2936875
185.85212635604438,0.020275050987354718,0.01463374926789896,0.011981482610351738,0.025520790739067246,0.0065799209025391905,0.021080330995348937,HCD0583555
251.50861737363485,0.02881215860302647,0.022504607122241713,0.012481553062273913,0.03845072990636516,0.007828722096931067,0.027491382208783565,HCD2748672
220.56353161952794,0.030124196068866654,0.023431815456361117,0.01183105318239467,0.03873353370871784,0.008358339736481934,0.02537918453857811,HCD0154431
240.49231810510912,0.02339218890553231,0.015452172460234491,0.009836469872434648,0.030117823562916483,0.006843991863232682,0.026685422395271087,HCD0232223
234.6032372928438,0.022551219441491622,0.021542275721039367,0.013396598427248736,0.04002313129427243,0.0069670397290039895,0.03402361851642926,HCD1631646
239.69736947482977,0.03440453728063933,0.023609879619768032,0.012377287811538028,0.042952237396275815,0.0057782065287997385,0.02396991957200458,HCD0684460
187.92416101092613,0.022750456163998078,0.014563370912767588,0.0098656169813906,0.024734404623616757,0.005590670811483759,0.015189703424013127,HCD0059235
180.42048412605237,0.022139494275804437,0.020397405303388516,0.009798662532966147,0.03961811109100463,0.0060998394957327146,0.020897161404930895,HCD1685164
224.82186857287945,0.02572874003183769,0.01775419132606031,0.013143488708987964,0.042215037083052305,0.005094043563644807,0.028453483983742082,HCD0643345
243.135899427852,0.028865899372777667,0.023891860476841505,0.011825316193503901,0.041906431690426287,0.006516010843736204,0.018109122026695956,HCD2754061
183.12695295019495,0.025990254676486756,0.021014738380461376,0.008954905359779868,0.032833339763734724,0.005236434422647183,0.01680715636236449,HCD2380753
262.0159510315599,0.036132561716293275,0.026451722394433476,0.010734508026645849,0.04102954399032685,0.004648284639104447,0.02382096159617708,HCD2878382
242.66127937827505,0.026710521982275037,0.019267555622257466,0.008849756186174312,0.0359038204161658,0.00580131545475096,0.020083238920411275,HCD0616342
240.53636181468525,0.030952147732508383,0.02758918863490521,0.013759149725399638,0.03784078227320903,0.008300983848813594,0.03392942770470493,HCD0111716
269.0202117101482,0.03080720586343467,0.027025944908453822,0.014472403415078838,0.044040658668201796,0.0083920571845923,0.036146457028086804,HCD1812044
192.63685424528194,0.02217551782991163,0.018157008636834622,0.007876717212625495,0.03754447529716234,0.007834716140711098,0.026471955657434657,HCD1240530
252.11706543987646,0.034287984739890365,0.01890272056086696,0.012950355531038026,0.028502954899510265,0.007376086350047363,0.02957114907020694,HCD1590860
236.30042604606456,0.03142397946620948,0.024069115405270562,0.011261719859400889,0.03837781953506994,0.005154904331210972,0.025725668181048527,HCD0969072
210.78808054919148,0.025811824212314233,0.02265229660964181,0.011642520996470186,0.033115523046087655,0.00525500663709945,0.020343874507433864,HCD0576558
224.10290129273835,0.027272787001292917,0.019689651692509785,0.012721567578274378,0.031455916961147044,0.005534275499070018,0.024697649188510508,HCD0338744
211.84372837275419,0.02446384862569497,0.019434992607284377,0.008041926492418788,0.03135507872414623,0.005591564486441798,0.021143256954533785,HCD2523345
239.7475499832583,0.026683654830934014,0.016486634530276274,0.008025190818147074,0.023300731646410888,0.004509974679583226,0.02307489044187284,HCD0857566
252.24660095089286,0.02522880210709116,0.019589076829449163,0.009596817330438332,0.0330304835594212,0.005655361564289154,0.023318332923514762,HCD1906457
198.9041279077204,0.021509306946911128,0.016513779218405373,0.008569829297044676,0.027977426866397394,0.004410721789482665,0.02053226241239747,HCD2073340
237.72867921321864,0.029635811429956416,0.021908891343569412,0.007414870007355488,0.031195846156852457,0.006745619950049939,0.020046116221405803,HCD1289358
213.89149850383254,0.02844353844614757,0.020333585748812347,0.008911554818903713,0.038088055647911276,0.006327032748331698,0.018761893503552028,HCD1845160
164.63842681704926,0.026339215342912135,0.01603312398400737,0.011558181658898206,0.02613906014317195,0.00673116920872572,0.017636076972299505,HCD0528850
260.1497296148188,0.03079884364014993,0.022051056011042146,0.0149510695102358,0.03408492493659089,0.00823547072023686,0.03262473037228345,HCD1534244
212.79059101190816,0.02760835021236365,0.021072110116524902,0.011789818888748064,0.03149817772865366,0.007797339577187696,0.02970068572571647,HCD2828569
155.42721948456926,0.01699315761456197,0.013331153334826483,0.005818568511954107,0.023647099332243324,0.0034156186869340687,0.013287229009989677,HCD0605438
218.65650028121465,0.02569333333984475,0.022741904130104004,0.011666304832826576,0.041552849406091615,0.008661393665857667,0.020313264248592172,HCD2163644
243.3836575512447,0.03069980950717566,0.020466909868218742,0.013082791133698805,0.02624339237029675,0.007268832444031797,0.02790762784204474,HCD0842250
201.69955267418237,0.0290549152637958,0.02054526535087511,0.009903345633193254,0.028671118166403796,0.005115933213568501,0.023281045059002105,HCD0504735
212.13630155019337,0.024376388501510644,0.017815537404559725,0.009306430833382541,0.03551767239381949,0.0067577988215885105,0.01993663418001555,HCD2761967
230.2904961894634,0.029321964355224037,0.018640497567235376,0.011527247671858955,0.03869233883789147,0.006519627311271673,0.020311407950683074,HCD1842558
191.27671331317953,0.029566150740767367,0.016862060225616978,0.008167683133064407,0.030595334205370535,0.0055021963013001315,0.017985648479129177,HCD1350638
244.39324498563434,0.032014102962653064,0.018945312327495415,0.011225333134651162,0.039758792378206134,0.008256503349318068,0.023571743758022165,HCD0263032
248.81142182639638,0.026118541545536857,0.019654304966117704,0.013419992270076396,0.037036007832394024,0.0076070922755651724,0.03221491281662217,HCD2669575
261.5861694172626,0.034222202664117914,0.02290494944670199,0.012282785624804223,0.038223499518562555,0.006408279895252446,0.027603517329041753,HCD2207840
219.49793464623923,0.029758274057384005,0.020257782267444062,0.012984574154950447,0.027308650529362405,0.0069492204436350175,0.021752441081854035,HCD2099257
213.52710471068644,0.027104907356762832,0.016508193033322308,0.010479397930814977,0.027342521822499334,0.006785524861395204,0.021493449413144707,HCD1196553
179.58997820255038,0.017902372630157624,0.009887796535036526,0.006756003836644015,0.017547071017343267,0.005497209567196083,0.014598628965714773,HCD1159446
305.2989841892112,0.03053068441730693,0.021527929443037965,0.015177494409481473,0.042554505099124035,0.009702472946390229,0.036189215008788495,HCD0891566
261.88852521387173,0.036518681307015625,0.025929292467308657,0.013416990325947635,0.04931607817264866,0.0067431280523410075,0.023975051384625613,HCD0370639
264.95257189438746,0.042391141849243884,0.02719092725324396,0.01707127521366683,0.03817579995112374,0.008066721777850696,0.036364381621723944,HCD1978987
237.59715063747137,0.028680630383438335,0.021684377913339246,0.011295949027353813,0.04158434049984065,0.007216372115022781,0.026132734675558857,HCD0021614
246.79855119145728,0.026486384818524774,0.02163246602863292,0.011498112028126584,0.04497088892159916,0.006935442301400305,0.025922912885187624,HCD1306130
167.02351672977449,0.02851156591739343,0.01782500658608605,0.014855228777172259,0.03207527514624883,0.0059778501548663635,0.02279415086404579,HCD1039032
253.31179009687588,0.029067954399830176,0.02408801478413086,0.013894976188922306,0.04768593619220688,0.00889913230337704,0.029703621914597123,HCD1686267
240.81847377814873,0.027347561590318908,0.022988352634415544,0.009705065867224206,0.04780576485870781,0.009736695601131322,0.020251733239361348,HCD1375755
159.0445329486996,0.019522791287080548,0.016220703081220797,0.008393216567273286,0.042753075226144216,0.004210319561254005,0.01959739874586247,HCD2990073
239.5472403945596,0.02782595939763885,0.022467979946441247,0.00802528370640169,0.043036849243454,0.004896097419471247,0.022657900170738602,HCD0921145
230.86645541959268,0.027807644653935707,0.022315677548402614,0.012985892291119744,0.03167604575329963,0.007814902949289583,0.028001726344074118,HCD0276243
196.83436672123707,0.02706110924596633,0.022406234468083295,0.008503572135507656,0.03998749204029761,0.00643611012400756,0.016614688605960062,HCD0215829
182.87359704299348,0.021147352661388293,0.014299667695819467,0.007360115449225,0.02843540352283571,0.005244013316852311,0.017497116987968072,HCD1986784
162.18073712155515,0.015392064899634062,0.013150504130955826,0.004175902586517907,0.02768752700958319,0.006870432527154114,0.012177543887107675,HCD2254243
209.85565674709727,0.02238643016062104,0.016721210258136016,0.012151995473666147,0.024392889352530762,0.005894891992242429,0.018605759712749408,HCD0461844
202.71514242851575,0.029897025565185687,0.022383692144533784,0.011942149772891587,0.03175290761969251,0.006907598607858935,0.022109171633300236,HCD1957171
241.33253440642315,0.03491411323394332,0.019765494571780062,0.017895174352422872,0.030551277356390495,0.008309415829661914,0.03785902625503515,HCD1477056
237.22874634698147,0.028815362678940006,0.019481283601295064,0.008445811256227072,0.03146643491893543,0.004864859793219595,0.017261914118495997,HCD1903350
214.33014568923252,0.029970109606817716,0.020126555897431012,0.01101934150384993,0.0309888250169204,0.006416316620853877,0.02740529017658798,HCD2939275
266.00784772200126,0.03233675827969066,0.023877261731651937,0.015036910413024067,0.03640884837200871,0.008623295877555977,0.02422283953685161,HCD0051825
266.8825836746103,0.04742123618603901,0.025324384983682977,0.013907150413739095,0.04749258484283247,0.0063322800280045935,0.027912807879490898,HCD1168245
226.5978470184378,0.02499930686444887,0.017961731342912818,0.014716892982889123,0.035359870444392254,0.01092876394967371,0.0293139480867625,HCD0861052
245.09977662528115,0.03225034035568787,0.023021634729703883,0.01571767383354157,0.036765197528294886,0.008538879392844787,0.03122656091509665,HCD1395458
218.62671306512266,0.020569431415434603,0.015303486076123259,0.007851290122097176,0.025353765474138215,0.006308674143363061,0.018315140415186122,HCD1057337
207.07329656526792,0.027002684932276966,0.016681004348213756,0.015989794001680855,0.028666685392183443,0.006130379929071045,0.020615159064597037,HCD1701338
211.13352414952544,0.03027716189816271,0.020062719488593964,0.008595472335567225,0.03172524061173892,0.006519157956042471,0.0191433723424104,HCD1609148
207.59642843563307,0.03253367567568732,0.01881628312723263,0.00903869314562949,0.027683756653214764,0.004543818169746467,0.012928143841774885,HCD0945967
240.14784095222177,0.028060363385353795,0.023100299444841356,0.011072921366374219,0.03842670722201247,0.006215712656003584,0.02059461205757849,HCD0245030
282.1983081055763,0.03210130530703125,0.023030260887104536,0.016947716577747456,0.03842513228190671,0.009606840712021496,0.029787192049719698,HCD1518448
182.65163585137054,0.02552495367612956,0.01761400588232747,0.005539463954301788,0.0324990549516752,0.0037275223802479118,0.014401978746796064,HCD0118528
224.62760927857784,0.023765820133007855,0.020129180407501578,0.009278909634904787,0.03282247591247046,0.007163817988972258,0.02410184376862688,HCD2504038
176.01108532401943,0.02046010780949006,0.01610821509585051,0.009586753072554936,0.0331620116838632,0.007191807861575709,0.020732268103342357,HCD0214423
211.56873834152586,0.025304782808626903,0.02101548834658263,0.008409479812768114,0.038694049626654285,0.007264018527623091,0.022796140066875817,HCD1658969
229.86170849244374,0.035498180111224444,0.023912241896857773,0.014200899023902803,0.043425675591364815,0.007919803544938661,0.02582784806060536,HCD2737869
222.30978072907033,0.031187054659750236,0.022050764329919464,0.014421709920380176,0.055884266076142795,0.008499241088728736,0.02558685122785775,HCD0682557
226.70571892181107,0.03539503424128134,0.02259879842375639,0.012765719189345597,0.03749163421458409,0.004427310164296505,0.020813749393743874,HCD1404231
217.15468634217132,0.0285471870584217,0.0193663879980428,0.012985217773187596,0.033340384982249144,0.005038861043319136,0.017428625359652873,HCD0577661
272.1381375204662,0.03513931058724815,0.022522151201065727,0.013553526382170913,0.04011704433405744,0.007545734579537633,0.025822936282449017,HCD1456048
271.7922797274432,0.030949377495862376,0.021955395855676192,0.014751535322480934,0.04481449625390893,0.010892238390531462,0.0358741396284314,HCD2543250
178.52119167272372,0.019226309198720315,0.015787829666804025,0.008261943007537102,0.02941378317001147,0.006195423140447393,0.021153887429839556,HCD0968878
194.7904457438359,0.024096344870575447,0.01448455298069843,0.00582891301392928,0.02041763195494278,0.0031536277336524942,0.012517756239021629,HCD1988687
215.21962661378436,0.024127426566848662,0.01985739319424028,0.010707659339324915,0.04392011392342596,0.006113709248874182,0.027257763081278714,HCD1854767
251.2169154003251,0.03599925492937849,0.02651966967050424,0.016197000237665907,0.03935045429407451,0.009992184763216248,0.03454969073140189,HCD1510432
224.22402441645391,0.02668525760242018,0.017669759579949137,0.009561502211326223,0.03591754683324078,0.005928336877492917,0.017994921629753236,HCD0755962
193.76282861063146,0.024496922497840384,0.01855159540546116,0.009425555698025225,0.03919962609416843,0.006207389315261639,0.017970108675009536,HCD0328842
223.58902083878735,0.026753148858055284,0.018211836827448598,0.012299135886528458,0.029630343466075515,0.0059849412810612,0.018402528938572048,HCD0197045
224.4673008216458,0.024199313677948652,0.02003745254782753,0.009844758887546299,0.0455185628253949,0.005372452376896724,0.022753754466173285,HCD1156036
232.36759879631308,0.030112172915366376,0.020307086605108018,0.009082195597487113,0.036441081108256355,0.006272053190670231,0.01826948043236057,HCD1712444
158.98200564752335,0.01699264467926247,0.016046583916776297,0.006388235183353695,0.030668758372024894,0.004075884528541695,0.010347590084153055,HCD2764771
172.90694982252683,0.03085067530963165,0.015118443717984357,0.007056696598768954,0.02341037687823963,0.003456889428301712,0.01421923101177332,HCD1778070
190.3626577680515,0.01896324700531539,0.012340911297372312,0.007813837382960967,0.021798746792983527,0.005328679352932091,0.015182302449188246,HCD1756262
157.9990317691139,0.01972632353545939,0.011858544071760424,0.008005874813648143,0.018397521007014465,0.006488095502566506,0.018381090462219855,HCD0418338
156.15204772462752,0.01901827694962657,0.012736384638132708,0.009231238883186275,0.018238303313594783,0.004276471812542737,0.009442192264074613,HCD0574049
248.945523801862,0.0298435147911089,0.018337767453087538,0.011564681136580034,0.03086970666903162,0.007208227102482493,0.02476751850891444,HCD1643855
218.46439344592943,0.03148697299310997,0.021794213830668287,0.009183246785203578,0.039566372799824896,0.004872084605596519,0.02274569314663175,HCD1656359
199.6630023911525,0.02555449205758142,0.019367144149121582,0.007611904211937207,0.03566914705770998,0.0064121999109250085,0.018469044446901003,HCD0267242
247.3228094548473,0.029008664605599952,0.02101355332840543,0.013523193139431561,0.0423909220722993,0.011789155385368432,0.02865202533454986,HCD0372542
205.51962809093874,0.026665728360962006,0.018574894200911875,0.007283885770992147,0.02473235124358649,0.004113721086703502,0.019480227354369422,HCD1925461
267.64553451857125,0.036952615492487136,0.022681637904133273,0.01715131538048032,0.033642870908330874,0.00839787310905384,0.03332585989618473,HCD2996590
157.50576206318362,0.023360586824390912,0.01696724931715069,0.00669135243008964,0.039480338833713456,0.0034662509749989186,0.011624689465853532,HCD1462548
291.12778686907126,0.02977065148886371,0.024156339784302264,0.013633178694499436,0.031226868287698082,0.010126645499125245,0.03160309512949679,HCD1920754
230.46807915945777,0.02887914067478374,0.019032810873868215,0.0092514483986239,0.04102320117299199,0.007161327704979453,0.015468474516511491,HCD2841965
214.83809904653037,0.029832945159903226,0.021282668159242856,0.011277434455024129,0.03596567886250106,0.007543082428450627,0.025110056199620406,HCD1131222
238.0903750573484,0.025418268072743947,0.024455831163541657,0.011649391193063309,0.046696371815930664,0.013003157413990442,0.028393299519778814,HCD2001719
272.2826238793859,0.03439262216484152,0.027067315724690986,0.014097100652166026,0.04025314925147569,0.008463160834439532,0.02572545961344649,HCD1575359
226.27793948996367,0.03308031956954356,0.01903717296281507,0.010655312070747658,0.037434808163648095,0.006600632915170493,0.019194168064168224,HCD1003617
221.66789609658588,0.026545951932274898,0.019962346637498476,0.012791919167526412,0.03819312928496777,0.006983067590373533,0.033195083562250684,HCD0721440
231.83737725412837,0.02757077379055665,0.021662949424586908,0.012278640063937439,0.030863015554380646,0.008729920706183766,0.0268215508408901,HCD1014723
276.3384223636895,0.03226788248141087,0.02089862413172426,0.014025888159738977,0.031116438022957958,0.008742129880179084,0.02656430939069947,HCD1389665
179.44447418579392,0.022341902401383174,0.01573839374432066,0.006984089012165581,0.026995094632612463,0.004796342111090931,0.015268366920402092,HCD2055237
221.99043348539257,0.027994418237321496,0.019310911883558986,0.009942849618865449,0.02725559274824116,0.0064949585878873945,0.0208438142297548,HCD1794977
164.0180706487837,0.02653120753102668,0.013225570691508716,0.009202442088243713,0.021063881229066238,0.004332376992285309,0.01524542867833243,HCD1892371
200.21703017925032,0.025468579828971966,0.019128855192422037,0.009309801537695775,0.033042357460217664,0.004693191359441439,0.01734295320899078,HCD0185442
147.73019475193428,0.02263007173599009,0.018087904604177103,0.006706901784537631,0.023748215846634294,0.005211316677121885,0.013076519590115323,HCD0758867
234.5294468322175,0.029986802276188017,0.019590244762456785,0.011118248672502048,0.04692391807207811,0.006807423770317491,0.028193749443643314,HCD1694569
193.54861120535008,0.021374845573648913,0.016904948702589982,0.008117618650957024,0.029682737414971346,0.006385444494835601,0.01666718126414601,HCD0197348
176.07059799280728,0.017944383953106446,0.014931613179217214,0.007742728692641364,0.030115929953857746,0.004287901478072628,0.016657667773871496,HCD2811552
182.812055978648,0.02538538104572869,0.019085867985261837,0.008080632018334947,0.02880918269795874,0.004537147094660875,0.011037388741549109,HCD1029837
203.32309194872659,0.033716251215789465,0.01847892578370324,0.006717435737012933,0.0263773821802822,0.004269664098711218,0.010177156744848525,HCD2930055
181.48754180275984,0.021025419268273882,0.01589142043963568,0.007152846433108043,0.02945453194114967,0.004465105150418564,0.01279855298325868,HCD0311118
273.49907944525387,0.027168458329067904,0.017521541385195412,0.011099656967657584,0.02972689375817653,0.007743392645706936,0.03343027110967064,HCD2751964
176.46525328059494,0.021551282903337587,0.013623234551842008,0.009390255534903639,0.026828459930892,0.005522832973265733,0.01865761132624804,HCD0925759
227.02918420612826,0.028767474736752112,0.017971109694986748,0.009728662561096203,0.02918789682027768,0.006123698440801283,0.019058498992874078,HCD2884175
204.64780226734146,0.02433823890041888,0.019801761744653205,0.009545190556267211,0.02862648901738939,0.007749328388812413,0.02449026555109183,HCD1664762
249.07279031130878,0.02479939583993892,0.022782169726928574,0.01096112584142851,0.0352218529378407,0.006335570586470175,0.02376217292135588,HCD1162334
217.70383844187393,0.03232455954284468,0.020022179144242508,0.006671612446684057,0.031768498398377934,0.0064168826460837556,0.019341697392636897,HCD2704551
168.49242914053656,0.024528687146959053,0.015237945482506038,0.009316951471337886,0.023181084165072294,0.0038922774186296114,0.013697850753122322,HCD1502635
209.0785363706125,0.026926706416137265,0.024231850653587236,0.008990408794104373,0.042868971256992267,0.006098820044653106,0.012755930628657567,HCD2344244
284.07239373181926,0.03390493830138213,0.02300611686678111,0.013867843171541836,0.03882353732587614,0.011130181565104248,0.03234747340687254,HCD1905152
191.33018278534564,0.023888552446462458,0.017735309120997644,0.007037677514594872,0.03497821114133079,0.006519955612855348,0.017128815576537875,HCD0845458
205.24428563308578,0.02536858196572158,0.020605683262603248,0.008564419420416209,0.04166162719696553,0.004129116700293593,0.014842801737408583,HCD0471746
232.03504360218093,0.024634474794665406,0.023115990991670672,0.009389718068612678,0.04225419703617607,0.005623218855394896,0.02422836437499801,HCD0810035
174.96517976704666,0.02324911546696226,0.015822044679192068,0.006338404221105455,0.024661179408510196,0.003419435520244634,0.012417246198041935,HCD0946868
214.6927155166809,0.023373826273578615,0.014908777168480608,0.010943226354244164,0.026664344431178016,0.005247821066326292,0.024777026984702005,HCD0134526
192.68101636750075,0.02372853748944383,0.012561021914681616,0.00568075249681725,0.024933442612491915,0.0028986035138337607,0.01375352290632888,HCD1464653
192.27019641775277,0.024322149140648848,0.01965272972007955,0.008234870175086537,0.027064834800977947,0.006121403448703471,0.014346791259488342,HCD0812241
236.0813860054334,0.026866716446365776,0.01988526571157254,0.010239058116076291,0.031117139373046936,0.0054397246094315755,0.028497641889547405,HCD2370952
117.53934651323092,0.015141343876336165,0.008775414117639498,0.006647468162201087,0.012838295860438977,0.002964272373918474,0.014822629287771555,HCD2485666
195.27319838907442,0.02204576967145493,0.01651923218371165,0.007166321361666845,0.02763047871724936,0.005239748047329521,0.015614065258958544,HCD0526644
126.78136400612362,0.018706271895225602,0.012818704592323897,0.005218025513695467,0.01818176234132787,0.00283034654724898,0.00717801819577139,HCD2786074
183.50786555087282,0.024261090709367123,0.014915532253973749,0.006858955732781755,0.024591784852279634,0.0041842753440400095,0.01996790251257306,HCD0338441
313.6547267232549,0.04271255656586217,0.030302772422762723,0.017465495886070822,0.048297738386615885,0.0074867665423152,0.02979484116904863,HCD0071831
217.46031943709687,0.024802501469085213,0.018663389306579188,0.00878777837363741,0.037907144164765885,0.006156121884689359,0.021113343227712158,HCD0401725
190.0363254372008,0.021039722235914455,0.01490240435633728,0.009546696855548228,0.033065177173263835,0.0063301927056148245,0.015082987412544612,HCD1623142
270.7354612306185,0.033169925813702116,0.020150697528438132,0.01508267098531387,0.038821756042249925,0.011491783997072421,0.03243689814270997,HCD2310328
221.39336661349807,0.02842490022343604,0.021645616300907427,0.011102113923290956,0.036540970705890755,0.009385886845120442,0.021757322504162645,HCD1761356
194.90519955941716,0.0289037878811195,0.01977051355272133,0.00937154184199476,0.03074416069401599,0.006002330209003862,0.01699499289685005,HCD2059245
244.9213966767242,0.02638105202829421,0.019188885943576206,0.011611805384760721,0.03683430320519761,0.006649075146767556,0.026061690033048857,HCD1838567
201.95099427717886,0.029202609462095314,0.024072127770110363,0.006756123899238832,0.03617392783883055,0.004745203818554494,0.014422588689596979,HCD1959680
270.7154309066872,0.03625911972966646,0.02300663066156541,0.013942541193505222,0.041404418251453946,0.006839460201038447,0.020925504152165455,HCD2082947
229.63851085156108,0.028726721892893808,0.02469944627305543,0.010714178891056783,0.041499677907644396,0.007849690899007312,0.02003008574146069,HCD0244230
207.45031006792192,0.022447216974646616,0.021693733405006004,0.008787742799142642,0.040187293705264235,0.006885300843256062,0.01762507768420475,HCD0899582
266.49661568009003,0.03554341042663459,0.026837466210967966,0.01284644465803725,0.03601463067896494,0.007815925998885503,0.02291348346853121,HCD2483561
213.18191137788915,0.026727588965607514,0.017542602149248368,0.010543319028250543,0.03218707001168783,0.006514833679720769,0.025344121472869078,HCD0694564
195.42059687048055,0.037494648629047785,0.024372246924498346,0.013113368446341792,0.02984697777167941,0.006236431929100128,0.022854794023456748,HCD1036834
281.6326643632532,0.03654009355484888,0.02280785068695842,0.011980831789616366,0.04182628214525787,0.007136252900971892,0.03622862607487877,HCD0394350
253.08917322824763,0.03845134355344753,0.02557295038749024,0.010461998113317017,0.04521457059737634,0.005978703808680161,0.01825788619706529,HCD1500025
218.04009687482426,0.02912735774039725,0.02231188464379764,0.011531874243053866,0.04244557090286227,0.008711881727786003,0.028151448052423794,HCD1376252
253.14398007693663,0.026805465551973953,0.02275552756155661,0.010719496775772632,0.030994793648418183,0.006679938084324683,0.022820201126432616,HCD1557054
183.67334078945487,0.022848961737112594,0.01838727246887173,0.009504472960325435,0.02836556439040874,0.0057357653497863625,0.021722623642342842,HCD2724456
243.52889331735255,0.027537324764983016,0.020893081039707787,0.008401234968439319,0.03581642118645501,0.005272835338258912,0.018694201054566532,HCD0559760
159.4959200083094,0.022190275954526537,0.01720002362490059,0.0077752938276897145,0.028614407917165123,0.0044134009175358395,0.016169009232861378,HCD2365454
190.98001627290876,0.024023391809501745,0.016695322216140146,0.01118434833084196,0.02188304837842586,0.006911791859367588,0.02938871449911792,HCD1409342
248.59622458346894,0.02759784668018397,0.018371956695846105,0.011927667688454262,0.03494853974058479,0.0058461825223170795,0.021522120381224277,HCD2864270
167.77604144066703,0.019457415921671318,0.015367598150191834,0.007881884290560312,0.02607760822730998,0.0038531787752570388,0.014401741523796883,HCD2820351
224.30981346561734,0.020940012664521432,0.017878799825971306,0.010338570806660941,0.031379472539556745,0.007092924004013733,0.02001151081009753,HCD2903759
176.2775433640336,0.015440509315294336,0.014246834414073654,0.00708900693029951,0.029384795960684683,0.005978828127335328,0.018174677638341387,HCD0225529
325.20847640071986,0.031314874108638764,0.026670334728667658,0.011257219635840367,0.04387877929488868,0.009365477444572329,0.02012010974758253,HCD0224123
198.30178244166655,0.024347276684397977,0.01991893138981022,0.008643253445133978,0.03376943650793965,0.004473187161790622,0.019502301392455117,HCD1239343
272.25053030556444,0.029360641170284755,0.024157014421598767,0.012506020638923886,0.03840862762862347,0.008460098041329365,0.02942591713304051,HCD0777265
210.80254001579237,0.020761378150497663,0.016074818614820265,0.007134496732150765,0.02903973336657714,0.005841229815883171,0.017145590341284732,HCD1328948
221.55023962166933,0.021463160090160756,0.017396971451862357,0.006700753514312488,0.02929740648983053,0.003988374851279422,0.011584089336567027,HCD0121719
185.1528231064056,0.023226148299698962,0.01973610764505355,0.010810587103739085,0.03994372019535929,0.007106071002265283,0.022656470015234173,HCD0956871
200.89335259641769,0.023974812610308323,0.015507165271876993,0.006256902783358728,0.021833448884875695,0.0032892568272732334,0.0121773965434649,HCD0146331
319.77889581706944,0.03663731712041518,0.025054704094225576,0.014926363421910272,0.031931247974643064,0.008125954847913331,0.04013013220605928,HCD1123526
171.28658509968074,0.026256595346305932,0.01576575442334222,0.008936289041533124,0.024251347615534376,0.004525533168561705,0.018116071761709228,HCD0330021
221.26982222764832,0.028433711730160644,0.022159159837657302,0.011581925657882143,0.03775347561658508,0.006204057820794356,0.03293181359450524,HCD1610436
221.96749802081462,0.021988102036774405,0.013695624865840627,0.007210309676375394,0.023498575960598386,0.006250451836772212,0.024130222161376932,HCD1479262
200.3165024578737,0.028063635187169027,0.018963217411578276,0.007481301204849764,0.0290658956804629,0.004883021625009433,0.015608304680646369,HCD2606652
204.1857144760916,0.02619880016208039,0.018257905088222864,0.007072024624861678,0.031232019458282564,0.004825091713405123,0.02038223605825443,HCD1581455
251.9259907990653,0.024193514399177687,0.021936858238344487,0.008126956756155235,0.04445335185523089,0.005774483209312581,0.02541056995941926,HCD1985378
221.2975101751052,0.025053115305473658,0.016196557971766123,0.009888797508243174,0.022741127442775132,0.0055151031582613185,0.02668999262056865,HCD1262136
197.73684574266315,0.021773058418934118,0.01850622029273522,0.007379782570672209,0.032688358062668274,0.005239792980563917,0.017076324273405965,HCD1007423
223.7378046676924,0.030368916209065514,0.0222367000249719,0.008586357401363837,0.029373912491929104,0.005760812793704816,0.014925897704218176,HCD1017931
276.37270426603857,0.028838691775388448,0.023263026544266676,0.014020439555262495,0.046340838596540375,0.009875860307399991,0.03144450598701506,HCD2762565
289.2570514760081,0.03231386315945764,0.024372449245993112,0.01629712695475828,0.03619554110908168,0.010525860604682618,0.031337441779268456,HCD0026119
238.43439130877994,0.0343211208298585,0.018721562102243273,0.012655566926383482,0.030778306413344336,0.0057544037351461175,0.023161232928432633,HCD0182941
134.78758935699727,0.01706765029782463,0.011757056261015851,0.006614874581864009,0.01883752507872994,0.0031825974936164447,0.009963361414645539,HCD1205326
169.9542125587636,0.017665240199245074,0.011965463450482442,0.00474246373559914,0.02139100062676768,0.0032662976659872593,0.006824618875636217,HCD0789272
203.81488423235487,0.026253474479603533,0.01988467999988409,0.009054300205856666,0.03313715888724393,0.005068620109511725,0.02173716560245347,HCD1801140
201.62525415985132,0.025367412527561518,0.01696144633553523,0.010870640015324874,0.028875731953691666,0.006651501676783679,0.017915220844543677,HCD2211932
